signal_id,symbol,interval,direction,entry_time,exit_time,entry_price,exit_price,initial_sl,pos_size_usd,fee_usd,pnl_usd,net_pnl_usd,pnl_r,raw_pnl_pct,exit_reason,bars_held,mfe_pct,mae_pct,mfe_r,mae_r,slippage_tax_pct,tp_hits
BCHUSDT_15m_SHORT_216,BCHUSDT,15m,SHORT,2026-05-30 16:30:00+00:00,2026-05-30 22:00:00+00:00,307.3,305.5,308.4156,2754.57,5.52,15.4,9.87,0.99,0.56,trailing,23,1.4,0.16,3.85,0.45,0.0,TP1;TP2
AAVEUSDT_15m_LONG_314,AAVEUSDT,15m,LONG,2026-05-31 16:45:00+00:00,2026-05-31 23:15:00+00:00,81.04,82.10864976736579,80.69828,2371.53,4.77,24.05,19.28,1.93,1.01,trailing,27,2.12,0.19,5.03,0.44,0.0,TP1;TP2
AAVEUSDT_15m_LONG_477,AAVEUSDT,15m,LONG,2026-06-02 09:30:00+00:00,2026-06-02 12:15:00+00:00,77.56,77.06556,77.06556,1568.64,3.13,-4.11,-7.24,-0.72,-0.26,sl,12,0.79,0.77,1.23,1.21,0.0,TP1
BTCUSDT_15m_LONG_533,BTCUSDT,15m,LONG,2026-06-03 00:00:00+00:00,2026-06-03 03:30:00+00:00,66794.3,66027.68,66027.68,871.28,1.73,-10.0,-11.73,-1.17,-1.15,sl,15,0.57,1.64,0.5,1.43,0.0,
ADAUSDT_15m_LONG_628,ADAUSDT,15m,LONG,2026-06-03 23:15:00+00:00,2026-06-04 00:15:00+00:00,0.2008,0.1993006,0.1993006,1339.2,2.67,-10.0,-12.67,-1.27,-0.75,sl,5,0.4,1.94,0.53,2.6,0.0,
BCHUSDT_15m_LONG_792,BCHUSDT,15m,LONG,2026-06-05 16:15:00+00:00,2026-06-05 19:15:00+00:00,216.4,210.47820000000002,210.47820000000002,365.43,0.73,-4.9,-5.62,-0.56,-1.34,sl,13,2.26,3.33,0.83,1.22,0.0,TP1
ETHUSDT_15m_LONG_805,ETHUSDT,15m,LONG,2026-06-05 19:45:00+00:00,2026-06-06 04:15:00+00:00,1572.9,1535.24336,1535.24336,417.7,0.83,-5.08,-5.91,-0.59,-1.22,sl,35,2.95,2.96,1.23,1.24,0.0,TP1
XRPUSDT_15m_SHORT_940,XRPUSDT,15m,SHORT,2026-06-07 05:15:00+00:00,2026-06-07 06:30:00+00:00,1.1213,1.1282519999999998,1.1282519999999998,1612.92,3.22,-10.0,-13.22,-1.32,-0.62,sl,6,0.54,0.67,0.86,1.08,0.0,
LINKUSDT_15m_SHORT_957,LINKUSDT,15m,SHORT,2026-06-07 09:30:00+00:00,2026-06-07 20:15:00+00:00,7.762,7.6608327481725995,7.869708,720.65,1.45,10.01,8.56,0.86,1.39,trailing,44,2.74,0.48,1.98,0.34,0.0,TP1;TP2
NEARUSDT_15m_LONG_1126,NEARUSDT,15m,LONG,2026-06-09 04:00:00+00:00,2026-06-09 09:45:00+00:00,2.0624,2.1331,2.0381156,849.27,1.72,23.51,21.79,2.18,2.77,trailing,24,6.78,0.89,5.76,0.75,0.0,TP1;TP2
XRPUSDT_15m_LONG_1288,XRPUSDT,15m,LONG,2026-06-10 20:45:00+00:00,2026-06-10 21:00:00+00:00,1.0987,1.0909138,1.0909138,1411.09,2.81,-10.0,-12.81,-1.28,-0.71,sl,2,0.08,0.77,0.12,1.09,0.0,
SOLUSDT_15m_SHORT_1319,SOLUSDT,15m,SHORT,2026-06-11 04:15:00+00:00,2026-06-11 10:45:00+00:00,65.08,65.62097999999999,65.62097999999999,1203.0,2.4,-5.12,-7.53,-0.75,-0.43,sl,27,0.54,0.86,0.65,1.04,0.0,TP1
AAVEUSDT_15m_SHORT_1338,AAVEUSDT,15m,SHORT,2026-06-11 09:00:00+00:00,2026-06-11 13:45:00+00:00,63.66,63.2190306122449,64.1781,1228.72,2.47,13.24,10.77,1.08,1.08,trailing,20,2.28,0.55,2.8,0.68,0.0,TP1;TP2
ADAUSDT_15m_SHORT_1338,ADAUSDT,15m,SHORT,2026-06-11 08:45:00+00:00,2026-06-11 14:45:00+00:00,0.1668,0.1666332,0.168336,1085.94,2.18,7.82,5.64,0.56,0.72,trailing,25,1.62,0.66,1.76,0.72,0.0,TP1;TP2
SOLUSDT_15m_SHORT_1382,SOLUSDT,15m,SHORT,2026-06-11 19:45:00+00:00,2026-06-12 14:30:00+00:00,66.9,67.49472,67.49472,1124.9,2.25,-3.32,-5.57,-0.56,-0.3,sl,76,1.49,0.96,1.68,1.08,0.0,TP1
XRPUSDT_15m_SHORT_1418,XRPUSDT,15m,SHORT,2026-06-12 04:45:00+00:00,2026-06-12 07:45:00+00:00,1.1459,1.1349000000000002,1.153302,1548.1,3.11,14.26,11.15,1.11,0.92,trailing,13,1.67,0.19,2.58,0.3,0.0,TP1;TP2
DOGEUSDT_15m_SHORT_1557,DOGEUSDT,15m,SHORT,2026-06-13 15:30:00+00:00,2026-06-13 21:30:00+00:00,0.0884,0.08796499999999999,0.08893752,1644.59,3.3,10.39,7.09,0.71,0.63,trailing,25,1.21,0.41,1.99,0.67,0.0,TP1;TP2
ADAUSDT_15m_LONG_1636,ADAUSDT,15m,LONG,2026-06-14 11:15:00+00:00,2026-06-14 12:30:00+00:00,0.1699,0.1689614,0.1689614,1810.14,3.61,-10.0,-13.61,-1.36,-0.55,sl,6,0.18,1.0,0.32,1.81,0.0,
BNBUSDT_15m_LONG_918,BNBUSDT,15m,LONG,2026-06-14 19:00:00+00:00,2026-06-15 02:00:00+00:00,603.9,612.3158157755711,601.9936,3167.75,6.36,24.79,18.43,1.84,0.78,trailing,29,2.3,0.26,7.29,0.84,0.0,TP1;TP2
LINKUSDT_15m_LONG_1665,LINKUSDT,15m,LONG,2026-06-14 18:45:00+00:00,2026-06-15 01:30:00+00:00,7.81,8.100720478351853,7.7634419999999995,1677.48,3.39,32.17,28.78,2.88,1.92,trailing,28,5.16,0.1,8.66,0.17,0.0,TP1;TP2
AAVEUSDT_15m_SHORT_1697,AAVEUSDT,15m,SHORT,2026-06-15 02:30:00+00:00,2026-06-15 04:15:00+00:00,68.67,69.05784,69.05784,1770.58,3.53,-10.0,-13.53,-1.35,-0.56,sl,8,0.35,0.71,0.62,1.26,0.0,
AVAXUSDT_15m_SHORT_1741,AVAXUSDT,15m,SHORT,2026-06-15 14:00:00+00:00,2026-06-15 15:45:00+00:00,6.929,7.021014,7.021014,753.04,1.5,-10.0,-11.5,-1.15,-1.33,sl,8,0.33,1.44,0.25,1.09,0.0,
BTCUSDT_15m_SHORT_1751,BTCUSDT,15m,SHORT,2026-06-15 16:30:00+00:00,2026-06-16 03:30:00+00:00,67139.0,66093.8660614936,67410.552,2472.42,4.98,37.1,32.11,3.21,1.5,trailing,45,2.28,0.15,5.65,0.38,0.0,TP1;TP2
AVAXUSDT_15m_SHORT_1754,AVAXUSDT,15m,SHORT,2026-06-15 17:00:00+00:00,2026-06-16 04:00:00+00:00,7.003,6.83087790069609,7.087146000000001,832.24,1.68,18.68,17.0,1.7,2.24,trailing,45,3.76,0.61,3.13,0.51,0.0,TP1;TP2
AAVEUSDT_15m_LONG_1778,AAVEUSDT,15m,LONG,2026-06-15 22:45:00+00:00,2026-06-16 02:00:00+00:00,73.4,72.78414000000001,72.78414000000001,1191.83,2.38,-3.83,-6.21,-0.62,-0.32,sl,14,1.13,1.05,1.35,1.25,0.0,TP1
ADAUSDT_15m_LONG_1778,ADAUSDT,15m,LONG,2026-06-15 23:00:00+00:00,2026-06-16 02:00:00+00:00,0.1784,0.1764464,0.1764464,913.19,1.82,-10.0,-11.82,-1.18,-1.1,sl,13,0.45,1.23,0.41,1.13,0.0,
BNBUSDT_15m_LONG_1034,BNBUSDT,15m,LONG,2026-06-15 23:30:00+00:00,2026-06-16 02:00:00+00:00,616.6,613.5704,613.5704,2035.25,4.06,-10.0,-14.06,-1.41,-0.49,sl,11,0.34,0.58,0.69,1.19,0.0,
AAVEUSDT_15m_LONG_1794,AAVEUSDT,15m,LONG,2026-06-16 03:00:00+00:00,2026-06-16 09:15:00+00:00,72.94,74.79400215096852,72.1055,874.06,1.76,15.99,14.23,1.42,1.83,trailing,26,4.06,0.49,3.55,0.43,0.0,TP1;TP2
NEARUSDT_15m_LONG_1917,NEARUSDT,15m,LONG,2026-06-17 09:45:00+00:00,2026-06-17 11:00:00+00:00,2.2847,2.2602704,2.2602704,935.22,1.86,-10.0,-11.86,-1.19,-1.07,sl,6,0.29,1.23,0.27,1.15,0.0,
ADAUSDT_15m_LONG_1924,ADAUSDT,15m,LONG,2026-06-17 11:15:00+00:00,2026-06-17 14:45:00+00:00,0.1687,0.1670652,0.1670652,1031.93,2.05,-10.0,-12.05,-1.21,-0.97,sl,15,0.53,1.01,0.55,1.04,0.0,
LINKUSDT_15m_LONG_1924,LINKUSDT,15m,LONG,2026-06-17 11:15:00+00:00,2026-06-17 12:30:00+00:00,8.145,8.092782,8.092782,1559.81,3.11,-10.0,-13.11,-1.31,-0.64,sl,6,0.42,0.81,0.65,1.26,0.0,
BTCUSDT_15m_LONG_1925,BTCUSDT,15m,LONG,2026-06-17 11:30:00+00:00,2026-06-17 18:00:00+00:00,64765.0,65740.79820719222,64400.540799999995,1777.02,3.57,19.25,15.68,1.57,1.08,trailing,27,2.59,0.33,4.61,0.58,0.0,TP1;TP2
BTCUSDT_15m_LONG_2045,BTCUSDT,15m,LONG,2026-06-18 17:30:00+00:00,2026-06-19 13:15:00+00:00,62604.2,62755.7,62091.9672,1222.18,2.45,5.64,3.19,0.32,0.46,timeout,80,1.01,0.53,1.24,0.65,0.0,TP1
ADAUSDT_15m_LONG_2102,ADAUSDT,15m,LONG,2026-06-19 07:45:00+00:00,2026-06-19 16:45:00+00:00,0.1594,0.16050743237873277,0.1582828,1426.78,2.87,14.44,11.57,1.16,1.01,trailing,37,2.13,0.5,3.04,0.72,0.0,TP1;TP2
SOLUSDT_15m_LONG_2102,SOLUSDT,15m,LONG,2026-06-19 07:45:00+00:00,2026-06-19 16:45:00+00:00,68.33,68.66701754522406,67.78416,1251.83,2.52,12.23,9.71,0.97,0.98,trailing,37,1.77,0.69,2.22,0.86,0.0,TP1;TP2
AVAXUSDT_15m_LONG_2103,AVAXUSDT,15m,LONG,2026-06-19 08:00:00+00:00,2026-06-19 18:30:00+00:00,6.005,5.951074,5.951074,1113.56,2.23,0.23,-1.99,-0.2,0.02,sl,43,3.06,4.56,3.41,5.08,0.0,TP1
AVAXUSDT_15m_SHORT_2265,AVAXUSDT,15m,SHORT,2026-06-21 00:30:00+00:00,2026-06-21 07:30:00+00:00,6.255,6.299574,6.299574,1403.28,2.8,-5.02,-7.83,-0.78,-0.36,sl,29,0.86,1.29,1.21,1.82,0.0,TP1
NEARUSDT_15m_SHORT_2303,NEARUSDT,15m,SHORT,2026-06-21 10:00:00+00:00,2026-06-21 15:15:00+00:00,2.2626,2.2021000000000006,2.2830570000000003,1106.03,2.24,23.61,21.37,2.14,2.13,trailing,22,4.86,0.39,5.37,0.44,0.0,TP1;TP2
SOLUSDT_15m_LONG_2489,SOLUSDT,15m,LONG,2026-06-23 08:45:00+00:00,2026-06-24 04:15:00+00:00,68.64,69.09,67.9139,945.32,1.9,8.64,6.74,0.67,0.91,timeout,79,2.49,0.45,2.36,0.43,0.0,TP1
SUIUSDT_15m_LONG_2489,SUIUSDT,15m,LONG,2026-06-23 09:00:00+00:00,2026-06-23 15:45:00+00:00,0.6831,0.6983273759888216,0.6708556,557.89,1.13,10.6,9.47,0.95,1.9,trailing,28,4.3,0.41,2.4,0.23,0.0,TP1;TP2
1000PEPEUSDT_15m_LONG_2607,1000PEPEUSDT,15m,LONG,2026-06-24 14:15:00+00:00,2026-06-24 15:00:00+00:00,0.002598,0.002572844,0.002572844,1032.76,2.06,-10.0,-12.06,-1.21,-0.97,sl,4,0.31,1.69,0.32,1.75,0.0,
DOGEUSDT_15m_LONG_2623,DOGEUSDT,15m,LONG,2026-06-24 18:00:00+00:00,2026-06-25 04:45:00+00:00,0.07352,0.07593,0.07256458,769.5,1.56,18.64,17.09,1.71,2.42,trailing,44,4.42,0.92,3.4,0.71,0.0,TP1;TP2
LTCUSDT_15m_SHORT_833,LTCUSDT,15m,SHORT,2026-06-25 00:30:00+00:00,2026-06-25 04:30:00+00:00,41.11,41.34252,41.34252,1768.02,3.53,-10.0,-13.53,-1.35,-0.57,sl,17,0.22,0.63,0.39,1.12,0.0,
SOLUSDT_15m_SHORT_2808,SOLUSDT,15m,SHORT,2026-06-26 16:30:00+00:00,2026-06-26 19:30:00+00:00,72.56,73.68708000000001,73.68708000000001,643.79,1.28,-10.0,-11.28,-1.13,-1.55,sl,13,0.57,1.86,0.36,1.2,0.0,
